{"Fitness": 10577, "Name": "berlin52", "Result": [2, 17, 21, 0, 33, 42, 32, 9, 8, 44, 39, 37, 4, 23, 47, 36, 38, 35, 34, 48, 31, 43, 27, 26, 13, 12, 51, 50, 10, 11, 45, 15, 49, 19, 22, 30, 20, 16, 41, 6, 1, 29, 28, 46, 25, 24, 3, 5, 14, 18, 7, 40], "RunTime": "0:00:02.557789", "chance_to_mutate": 0.1, "chance_to_pmx": 0.8, "distances_avg": [29274.333333333332, 28781.793333333335, 28247.166666666668, 27671.606666666667, 27301.98, 26701.933333333334, 26098.08, 25768.206666666665, 25427.31333333333, 25061.18, 24546.126666666667, 23767.286666666667, 23154.346666666668, 22744.566666666666, 22418.78, 22098.06, 21855.693333333333, 21510.96, 21307.126666666667, 21176.633333333335, 21081.64, 20867.166666666668, 20688.52, 20536.486666666668, 20289.333333333332, 20071.146666666667, 28482.006666666668, 27904.346666666668, 27161.86, 26506.9, 26075.966666666667, 25622.326666666668, 25229.366666666665, 24859.886666666665, 24464.966666666667, 24143.053333333333, 23691.106666666667, 23437.31333333333, 23025.366666666665, 22552.62, 22208.3, 21990.293333333335, 21903.193333333333, 21670.78, 21454.6, 21150.886666666665, 20925.34, 20674.806666666667, 20598.913333333334, 20549.566666666666, 20268.18666666667, 20198.31333333333, 19998.833333333332, 19797.24, 19588.393333333333, 19447.573333333334, 19454.266666666666, 19126.133333333335, 18938.47333333333, 18783.353333333333, 18656.213333333333, 18554.126666666667, 18415.346666666668, 18377.566666666666, 18137.22, 18010.326666666668, 17947.046666666665, 17899.066666666666, 17691, 17466.173333333332, 17262.31333333333, 17042.906666666666, 16858.213333333333, 16726.693333333333, 16409.693333333333, 16374.26, 16160.593333333334, 27925.9, 27058.62, 26411.433333333334, 25798.74, 25268.566666666666, 24996.386666666665, 24466.5, 24158.966666666667, 23804.646666666667, 23253.18666666667, 22867.266666666666, 22465.62, 22120.36, 21809.9, 21661.986666666668, 21482.193333333333, 20981.18666666667, 20929.673333333332, 20865.213333333333, 20680.46, 20556.68666666667, 20545.713333333333, 20330.553333333333, 20309.766666666666, 20177.366666666665, 20200.4, 20007.886666666665, 19967.02666666667, 19781.32, 19736.08, 19769.606666666667, 19647.18666666667, 19513.746666666666, 19414.406666666666, 19316.84, 19182.913333333334, 19008.56, 19198.16, 19203.52, 18912.546666666665, 19064.726666666666, 18987.62, 18897.9, 18760.986666666668, 18706.4, 18749.173333333332, 18648.02666666667, 18665.84, 18559.52, 18428.673333333332, 18418.4, 18557.786666666667, 18387.926666666666, 18236.32, 18117.306666666667, 18075.52, 17740.033333333333, 17642.493333333332, 17464.393333333333, 17328.413333333334, 17104.546666666665, 16973.7, 16853.913333333334, 16718.206666666665, 16495.726666666666, 16401.673333333332, 16336.093333333334, 16242.526666666667, 16195.993333333334, 16176.946666666667, 16040.8, 15703.026666666667, 15506.546666666667, 15458.56, 15359.72, 15215.426666666666, 15008.4, 14853.053333333333, 14615.706666666667, 14651.806666666667, 14440.02, 14323.473333333333, 14274.326666666666, 14162.12, 14063.853333333333, 13973.113333333333, 13808.14, 13679.52, 13606.953333333333, 13569.653333333334, 13594.426666666666, 13461.393333333333, 13380.093333333334, 13422.593333333334, 13349.366666666667, 13334.013333333334, 13319.586666666666, 13328.1, 13408.34, 13343.26, 13286.766666666666, 13212.826666666666, 13180.12, 13340.94, 13254.273333333333, 13196.226666666667, 13157.366666666667, 13128.193333333333, 13067.76, 13108.66, 13156.006666666666, 13064.153333333334, 13179.713333333333, 13109.52, 12997.2, 12985.666666666666, 12916.866666666667, 12882.02, 12961.48, 12934.973333333333, 12925.1, 13013.193333333333, 12911.693333333333, 13004.053333333333, 12990.486666666666, 12851.96, 12850.2, 12817.453333333333, 12899.153333333334, 12895.233333333334, 12749.486666666666, 12768.086666666666, 12727.993333333334, 12804.793333333333, 12756.193333333333, 12759.66, 12714.726666666667, 12853.1, 12782.7, 12669.086666666666, 12687.713333333333, 12729.98, 12610.453333333333, 12516.873333333333, 12507.32, 12438.12, 12378.893333333333, 12345.213333333333, 12380.02, 12289.04, 12355.733333333334, 12316.053333333333, 12348.2, 12275.92, 12336.133333333333, 12289.926666666666, 12313.073333333334, 12360.573333333334, 12372.946666666667, 12331.42, 12337.893333333333, 12370.126666666667, 12267.446666666667, 12281.926666666666, 12268.046666666667, 12164.52, 12205.413333333334, 12163.953333333333, 12220.34, 12171.493333333334, 12213.913333333334, 12150.266666666666, 12146.986666666666, 12187.113333333333, 12141.24, 12070.813333333334, 12141.266666666666, 12159.586666666666, 12143.94, 12148.32, 12201.826666666666, 12212.24, 12134.486666666666, 12134.313333333334, 12218.053333333333, 12113.826666666666, 12151.38, 12163.56, 12268.753333333334, 12220.78, 12145.173333333334, 12143.466666666667, 12121.193333333333, 12179.906666666666, 12207.273333333333, 12196.9, 12164.533333333333, 12120.213333333333, 12032.153333333334, 12088.26, 12097.273333333333, 12143.98, 12237.273333333333, 12139.02, 12141.253333333334, 12104.546666666667, 12082.88, 12029.786666666667, 12106.193333333333, 12054.78, 12025.326666666666, 11969.58, 11985.44, 11992.106666666667, 11988.54, 12062.833333333334, 11994.486666666666, 12004.973333333333, 11949.66, 11908.813333333334, 11924.2, 11862.22, 11813.513333333334, 11727.953333333333, 11753.126666666667, 11873.073333333334, 11691.12, 11654.16, 11600.713333333333, 11534.513333333334, 11532.126666666667, 11507.346666666666, 11432.506666666666, 11462.48, 11408.98, 11284.24, 11340.7, 11268.106666666667, 11243.2, 11105.92, 11140.546666666667, 11119.5, 11185.106666666667, 11164.413333333334, 11132.526666666667, 11141.826666666666, 11092.52, 11093.94, 11156.926666666666, 11164.22, 11181.126666666667, 11092.88, 11071.366666666667, 11105.666666666666, 11041.353333333333, 11085.393333333333, 11102.873333333333, 11101.02, 11149.946666666667, 11045.706666666667, 11039.373333333333, 11201.093333333334, 11066.22, 10978.793333333333, 11053.733333333334, 11044.54, 11054.94, 11123.193333333333, 10996.1, 11056.266666666666, 10999.866666666667, 11058.8, 11077.686666666666, 11077.573333333334, 11153.706666666667, 11060.073333333334, 11099.693333333333, 11061.34, 10949.346666666666, 11010.893333333333, 11087.52, 11021.126666666667, 11065.813333333334, 11125.76, 10998.586666666666, 11073.106666666667, 11137.34, 11000.2, 11039.826666666666, 11088.306666666667, 10998.36, 11046.94, 10950.9, 10993.806666666667, 10998.74, 10968.833333333334, 11033.666666666666, 11050.433333333332, 10949.006666666666, 11048.486666666666, 10990.88, 11042.713333333333, 10895.513333333334, 10850.72, 10907.64, 10907.966666666667, 10857.173333333334, 10891.766666666666, 10900.76, 10853.193333333333, 10834.366666666667, 10877.093333333334, 10939.433333333332, 10868.733333333334, 10856.573333333334, 10834.173333333334, 10837.806666666667, 10853.973333333333, 10779.913333333334, 10776.993333333334, 10757.906666666666, 10753.206666666667, 10717.333333333334, 10843, 10742.493333333334, 10779.5, 10755.3, 10724.866666666667, 10699.706666666667, 10786.74, 10756.86, 10719.146666666667, 10785.673333333334, 10734.626666666667, 10737.333333333334, 10689.06, 10754.02, 10729.253333333334, 10786.986666666666, 10847.986666666666, 10750.913333333334, 10790.74, 10782.64, 10840.106666666667, 10849.68, 10801.84, 10767.12, 10849.113333333333, 10838.566666666668, 10798.113333333333, 10801.14, 10785.793333333333, 10677.886666666667, 10715.113333333333, 10754.866666666667, 10788.033333333333, 10867.56, 10841.853333333333, 10821.746666666666, 10751.546666666667, 10709.58, 10697.68, 10711.686666666666, 10696.266666666666, 10740.26, 10725.013333333334, 10725.513333333334, 10744.433333333332, 10749.206666666667, 10756.993333333334, 10800.02, 10789.906666666666, 10800.04, 10795, 10790.126666666667, 10778.66, 10787.133333333333, 10863.366666666667, 10785.3, 10804.546666666667, 10766.093333333334, 10829.973333333333, 10754.926666666666, 10775.593333333334, 