{"Fitness": 10918, "Name": "berlin52", "Result": [47, 45, 36, 39, 38, 35, 2, 17, 22, 19, 49, 28, 15, 0, 48, 31, 21, 30, 20, 29, 41, 1, 6, 16, 40, 7, 18, 44, 42, 32, 5, 24, 27, 26, 12, 13, 51, 10, 50, 8, 9, 11, 25, 46, 43, 33, 34, 37, 4, 14, 3, 23], "RunTime": "0:00:02.448001", "chance_to_mutate": 0.1, "chance_to_pmx": 0.8, "distances_avg": [29229.566666666666, 28574.873333333333, 28192.34, 27965.746666666666, 27631.88, 27445.866666666665, 26979.1, 26603.433333333334, 26426.246666666666, 26501.74, 26089.36, 25936.08, 25951.553333333333, 25844.18666666667, 25491.31333333333, 25545, 25131.64, 24784.006666666668, 24466.42, 24181.906666666666, 24283.406666666666, 23964.593333333334, 23852.02, 23562.18, 23327.246666666666, 23061.606666666667, 22695.54, 22453.393333333333, 22181.093333333334, 29024.846666666668, 28283.82, 27732.253333333334, 27170.52, 26936.286666666667, 26639.48, 26229.24, 26124.573333333334, 25833.9, 25790.206666666665, 25771.44, 25641.773333333334, 25005.806666666667, 24768.393333333333, 24610.946666666667, 24531.733333333334, 24412.04, 24233.26, 24024.76, 23676.726666666666, 23611.606666666667, 23418.273333333334, 23223.533333333333, 23303.58, 23042.893333333333, 22997.433333333334, 22837.693333333333, 22818.26, 22602.9, 22535.733333333334, 22338.4, 22060.44, 22013.293333333335, 21782.56, 21591.466666666667, 21379.126666666667, 21214.26, 21203.18666666667, 20711.68, 20301.753333333334, 19960.913333333334, 19821.273333333334, 19565.073333333334, 19545.62, 19562.393333333333, 19431.86, 19351.933333333334, 19268.6, 19222.226666666666, 19069.506666666668, 19158.933333333334, 19201.066666666666, 18893.1, 18962.34, 18642.553333333333, 18490.793333333335, 18303.246666666666, 18334.62, 17918.72, 17755.626666666667, 17507.466666666667, 17248.38, 16984.206666666665, 16860.126666666667, 16767.273333333334, 16570.926666666666, 16455.88, 16248.166666666666, 16421.98, 16097.173333333334, 16020.573333333334, 15888.833333333334, 15814.613333333333, 15794.606666666667, 15639.24, 15504.746666666666, 15431.333333333334, 15437.166666666666, 15340.153333333334, 15360.226666666667, 15104.213333333333, 15045.726666666667, 14944.686666666666, 14917.38, 14810.986666666666, 14755.853333333333, 14557.853333333333, 14554.926666666666, 14492.913333333334, 14348.42, 14185.366666666667, 14111.133333333333, 13939.606666666667, 13924.26, 13761.333333333334, 13671.006666666666, 13562.526666666667, 13524.62, 13419.366666666667, 13359.533333333333, 13200.886666666667, 13132.913333333334, 13259.226666666667, 13013.76, 12919.586666666666, 12869.76, 12805.986666666666, 12809.753333333334, 12642.82, 12581.8, 12470.633333333333, 12454.68, 12370.106666666667, 12364.46, 12366.106666666667, 12243.766666666666, 12286.166666666666, 12256.633333333333, 12314.92, 12275.22, 12231.753333333334, 12251.346666666666, 12275.48, 12292.02, 12228.473333333333, 12227.493333333334, 12284.373333333333, 12258.846666666666, 12303.146666666667, 12343.32, 12267.526666666667, 12371.06, 12392.666666666666, 12206.213333333333, 12320.68, 12273.02, 12179.113333333333, 12291.893333333333, 12190.506666666666, 12153.146666666667, 12034.553333333333, 12040.786666666667, 12018.426666666666, 12015.046666666667, 12029.373333333333, 12046.52, 12080.046666666667, 12013.926666666666, 11984.44, 12013.613333333333, 12094.26, 11984.88, 27372.353333333333, 26436.02666666667, 25874.246666666666, 25496.666666666668, 24734.633333333335, 24225.626666666667, 23634.02, 23331.72, 22887.966666666667, 22487.146666666667, 21943.133333333335, 21332.146666666667, 20899.566666666666, 20347.986666666668, 20026.853333333333, 19531.266666666666, 19089.6, 18658.96, 18298.546666666665, 17829.853333333333, 17675.913333333334, 17129.126666666667, 16747.866666666665, 16484.053333333333, 16168.82, 15703.673333333334, 15506.946666666667, 15294.4, 15066.513333333334, 14851.98, 14743.566666666668, 14580.033333333333, 14452.153333333334, 14337.033333333333, 14221.106666666667, 14122.193333333333, 14040.58, 13820.9, 13715.586666666666, 13601.393333333333, 13616.846666666666, 13516.726666666667, 13510.993333333334, 13468.94, 13484.606666666667, 13385.506666666666, 13447.18, 13408.56, 13327.54, 13336.88, 13246.506666666666, 13154.693333333333, 13231.48, 13060.686666666666, 13028.466666666667, 13151.093333333334, 13145.3, 12898.453333333333, 12956.246666666666, 12848.74, 12850.126666666667, 12795.806666666667, 12816.606666666667, 12720.4, 12823.52, 12728.433333333332, 12732.673333333334, 12720.84, 12773.033333333333, 12729.193333333333, 12620.866666666667, 12585.946666666667, 12555.686666666666, 12517.026666666667, 12734.993333333334, 12536.666666666666, 12569.666666666666, 12568.04, 12536.92, 12622.926666666666, 12650.106666666667, 12446.526666666667, 12510.873333333333, 12435.853333333333, 12486.653333333334, 12565.966666666667, 12527.886666666667, 12535.746666666666, 12456.52, 12448.06, 12446.466666666667, 12355.326666666666, 12493.646666666667, 12367.566666666668, 12376.126666666667, 12377.526666666667, 12451.18, 12438.953333333333, 12367.446666666667, 12401.726666666667, 12258.12, 12229.546666666667, 12156.833333333334, 12122.306666666667, 12167.113333333333, 12091.94, 12062.546666666667, 12040.04, 12081.226666666667, 12008.506666666666, 11970.786666666667, 11892.386666666667, 11874.873333333333, 11869.88, 11833.493333333334, 11853.033333333333, 11895.06, 11789.626666666667, 11821.3, 11894.813333333334, 11837.68, 11830.626666666667, 11827.573333333334, 11888.58, 11951.026666666667, 11865.553333333333, 11845.113333333333, 11866.053333333333, 11843.873333333333, 11851.853333333333, 11813.786666666667, 11810.006666666666, 11813.453333333333, 11861.646666666667, 11844.633333333333, 11857.566666666668, 11819.88, 11856.753333333334, 11814.8, 11840.053333333333, 11825.633333333333, 11752.22, 11795.493333333334, 11684.813333333334, 11814.653333333334, 11708.44, 11784.326666666666, 11689.5, 11654.226666666667, 11605.426666666666, 11705.593333333334, 11626.673333333334, 11653.053333333333, 11562.713333333333, 11554.086666666666, 11468.44, 11574.313333333334, 11466.353333333333, 11517.58, 11469.766666666666, 11514.733333333334, 11400.14, 11431.393333333333, 11473.433333333332, 11398.76, 11304.433333333332, 11340.92, 11366.786666666667, 11315.246666666666, 11194.606666666667, 11181.606666666667, 11117.553333333333, 11124.333333333334, 11149.46, 11079.846666666666, 11056.806666666667, 11081.746666666666, 11051.053333333333, 11188.353333333333, 11117.853333333333, 11053.526666666667, 11128.953333333333, 11091.553333333333, 11166.253333333334, 11228.34, 11140.66, 11115.293333333333, 11020.753333333334, 11008.666666666666, 11079.22, 11117.593333333334, 11055.02, 11032.12, 11068.586666666666, 11069.633333333333, 11058.246666666666, 11040.273333333333, 11007.2, 11171.88, 11124.62, 11111.726666666667, 11049.373333333333, 11064.146666666667, 11051.806666666667, 11073.26, 11120.686666666666, 11164.233333333334, 11006.36, 10970.72, 10983.26, 11069.413333333334, 11054.946666666667, 11117.866666666667, 11096.653333333334, 11089.686666666666, 11172.32, 11097, 11101.24, 11135.58, 11105.166666666666, 11091.446666666667, 11083.373333333333, 11032.493333333334, 11031.22, 10992.446666666667, 10975.84, 10981.226666666667, 11062.366666666667, 11113.186666666666, 11067.953333333333, 11011.773333333333, 10977.6, 10994.82, 10982.453333333333, 11079.773333333333, 11099.74, 11004.933333333332, 11047.74, 11027.44, 11040.38, 10997.22, 11014.06, 11007.813333333334, 10998.973333333333, 11018.993333333334, 11086.046666666667, 11115.013333333334, 11086.48, 11058.3, 11144.446666666667, 11149.886666666667, 11080.08, 11047.64, 11080.626666666667, 11062.806666666667, 11032.246666666666, 11086.52, 11144.14, 11187.933333333332, 11150.966666666667, 11118.5, 11081.346666666666, 11103.793333333333, 11064.506666666666, 11039.433333333332, 11111.133333333333, 11168.793333333333, 11120.46, 11083.986666666666, 11060.093333333334, 11063.213333333333, 11070.226666666667, 11060.053333333333, 