{"Fitness": 10430, "Name": "berlin52", "Result": [18, 40, 2, 16, 30, 21, 36, 37, 23, 47, 14, 4, 39, 33, 43, 45, 25, 46, 13, 51, 12, 26, 27, 28, 41, 1, 6, 20, 7, 8, 9, 42, 32, 50, 10, 11, 24, 5, 3, 38, 48, 31, 0, 35, 34, 15, 49, 19, 29, 22, 17, 44], "RunTime": "0:00:03.192998", "chance_to_mutate": 0.1, "chance_to_pmx": 0.8, "distances_avg": [29362.86, 28824.18666666667, 28144.48, 27753.446666666667, 27559.113333333335, 27549.76, 27426.62, 27297.993333333332, 26896.16, 26960.66, 26678.853333333333, 26476.333333333332, 26545.68, 26299.97333333333, 26457.68666666667, 26133.946666666667, 26075.193333333333, 25775.62, 25511.24, 25428.106666666667, 25351.606666666667, 25074.96, 24665.486666666668, 24648.98, 24273.886666666665, 29312.18, 28592.006666666668, 27909.506666666668, 27676.113333333335, 27423.753333333334, 27046.166666666668, 26663.253333333334, 26442.24, 26390.653333333332, 26051.386666666665, 25659.793333333335, 25564.573333333334, 25414.64, 25006.093333333334, 24617.54, 24479.6, 24270, 24174.54, 24308.733333333334, 24157.333333333332, 24181.62, 24059.893333333333, 23947.98, 23432.54, 23144.64, 23008.2, 22750.106666666667, 22514.406666666666, 22346.353333333333, 22214.993333333332, 22217.113333333335, 22157.833333333332, 21947.633333333335, 21793.52666666667, 21454.626666666667, 21251.5, 21184.4, 20797.233333333334, 20746.053333333333, 20557.906666666666, 20525.846666666668, 20282.913333333334, 20181.993333333332, 19985.946666666667, 19865.48, 19574.24, 19398.52, 19254.353333333333, 19074.126666666667, 19116.293333333335, 18763.88, 18624.233333333334, 18510.066666666666, 18314.206666666665, 18281.166666666668, 18108.786666666667, 18102.24, 17980.42, 17879.893333333333, 17699.16, 17502.446666666667, 17269.38, 17180.733333333334, 17165.153333333332, 17053.013333333332, 17013.073333333334, 16743.053333333333, 16739.466666666667, 16590.706666666665, 16378.98, 16233.726666666667, 16115.626666666667, 16076.133333333333, 15946.333333333334, 15861.513333333334, 15754.206666666667, 15483.433333333332, 15374.313333333334, 15194.88, 15021.113333333333, 14900.88, 14774.493333333334, 14722.233333333334, 14512.133333333333, 14433.666666666666, 14342.246666666666, 14194.473333333333, 14139, 14073.806666666667, 14044.593333333334, 14098.313333333334, 14010.786666666667, 13964.5, 13883.493333333334, 13842.053333333333, 13839.126666666667, 13815.48, 13762.173333333334, 13669.72, 13642.366666666667, 13600.653333333334, 13596.653333333334, 13542.88, 13458.18, 13468.913333333334, 13424.006666666666, 13436.54, 13315.76, 13265.166666666666, 13255.54, 13150.866666666667, 13153.953333333333, 13123.16, 13120.073333333334, 13061.786666666667, 13073.26, 13070.466666666667, 13051.32, 12967.853333333333, 12992.5, 12970.166666666666, 12908.026666666667, 12932.766666666666, 12944.093333333334, 12838.553333333333, 12829.44, 12894.853333333333, 12833.013333333334, 12809.246666666666, 12783.553333333333, 12797.92, 12784.593333333334, 12820.486666666666, 12765.513333333334, 12834.966666666667, 12866.14, 12695.453333333333, 12628.88, 12592.98, 12594.52, 12636.333333333334, 12596.893333333333, 12571.793333333333, 12599.606666666667, 12521.013333333334, 12479.686666666666, 12531.226666666667, 12432.033333333333, 12460.786666666667, 12457.386666666667, 12453.8, 12377.866666666667, 12378.12, 12434.386666666667, 12387.54, 12406.193333333333, 12387.806666666667, 12331.386666666667, 12360.013333333334, 12408.286666666667, 12293.706666666667, 12361.126666666667, 12266.826666666666, 12262.126666666667, 12191.86, 12247.633333333333, 12161.453333333333, 12145.033333333333, 12162.36, 12139.353333333333, 12146.28, 12128.733333333334, 12141.753333333334, 12157.2, 12083.426666666666, 12093.12, 12062.38, 12066.06, 12111.893333333333, 11952.046666666667, 11972.36, 11940.673333333334, 12048.406666666666, 11938.826666666666, 11885.48, 11940.326666666666, 11895.726666666667, 11927.62, 11925.273333333333, 11902.666666666666, 11923.186666666666, 11867.793333333333, 11936.226666666667, 11866.413333333334, 11914.46, 11878.286666666667, 11818.173333333334, 11860.32, 11867.96, 11906.42, 11787.733333333334, 11891.946666666667, 11892.053333333333, 11833.973333333333, 11818.493333333334, 11949.186666666666, 11791.82, 11870.693333333333, 11720.566666666668, 11777.166666666666, 11708.533333333333, 11774.626666666667, 11711.006666666666, 11743.12, 11695.693333333333, 11758.82, 11719.606666666667, 11707.233333333334, 11795.98, 11722.573333333334, 11676.806666666667, 11784.426666666666, 11780.726666666667, 11736.233333333334, 11714.353333333333, 11700.266666666666, 11743.72, 11692.806666666667, 11447.006666666666, 11547.34, 11383.22, 11391.42, 11490.373333333333, 11385.273333333333, 11458.786666666667, 11481.74, 11489.446666666667, 11390.68, 11474.78, 11375.58, 11442.113333333333, 11363.006666666666, 11446.393333333333, 11319.213333333333, 11308.28, 11447.206666666667, 11286.446666666667, 11258.406666666666, 11325.666666666666, 11308.846666666666, 11288.68, 11289.426666666666, 11220.346666666666, 11286.773333333333, 11295.36, 11241.7, 11243.286666666667, 11187.773333333333, 11170.393333333333, 11268.66, 11213.153333333334, 11197.2, 11218.973333333333, 11279.02, 11270.786666666667, 11250.893333333333, 11161.38, 11209.36, 11151.493333333334, 11221.266666666666, 11169.193333333333, 11228.533333333333, 11195.593333333334, 11182.953333333333, 11121.38, 11113.266666666666, 11187.286666666667, 11100.186666666666, 11163.066666666668, 11173.966666666667, 11286.286666666667, 11260.246666666666, 11193.606666666667, 11281.32, 11140.806666666667, 11165.533333333333, 11135.38, 11152.853333333333, 11167.393333333333, 11236.12, 11239.74, 11288.693333333333, 11215.42, 11186.393333333333, 11228.766666666666, 11206.006666666666, 11112.006666666666, 11236.333333333334, 11107.773333333333, 11080.993333333334, 11155.18, 11025.053333333333, 11066.86, 10976.34, 10968.6, 10847.56, 10892.666666666666, 10844.44, 10777.24, 10835.413333333334, 10899.773333333333, 10806.206666666667, 10875.013333333334, 10870.593333333334, 10870.766666666666, 10750.073333333334, 10871.66, 10915.373333333333, 10819.34, 10830.033333333333, 10766.86, 10742.433333333332, 10744.5, 10804.093333333334, 10793.866666666667, 10801.786666666667, 10840.346666666666, 10748.646666666667, 10740.146666666667, 10721.4, 10768.62, 10767.813333333334, 10753.853333333333, 10744.22, 10717.906666666666, 10647.333333333334, 10750.2, 10769.626666666667, 10689.213333333333, 10758.58, 10680.26, 10737.706666666667, 10639.526666666667, 10594.62, 10628.133333333333, 10712.12, 10670.313333333334, 10704.74, 10666.806666666667, 10764.466666666667, 10640.193333333333, 10725.113333333333, 10700.36, 10624.893333333333, 10722.413333333334, 10671.393333333333, 10741.98, 10636.18, 10665.706666666667, 10661.146666666667, 10626.793333333333, 10596.36, 10512.566666666668, 10538.133333333333, 10513.44, 10527.06, 10573.726666666667, 10585.48, 10658.586666666666, 10581.1, 10640.486666666666, 10603.366666666667, 10624.246666666666, 10590.626666666667, 10545.786666666667, 10621.02, 10631.546666666667, 10590.06, 10571.873333333333, 10609.386666666667, 10575.62, 10656.613333333333, 10620.273333333333, 10629.34, 10636.586666666666, 10744.953333333333, 10643.313333333334, 10668.166666666666, 10609.76, 10645.433333333332, 10630.9, 10679.766666666666, 10630.106666666667, 10620.56, 10615.806666666667, 10663.46, 10619.533333333333, 10624.52, 10628.98, 10640.293333333333, 10789.42, 10737.693333333333, 10628.1, 10651.173333333334, 10637.973333333333, 10607.986666666666, 10570.386666666667, 10591.226666666667, 10570.326666666666, 10584.42, 10593.026666666667, 10547.793333333333, 10503.34, 10588.08, 10590.806666666667, 10556.193333333333, 10552.706666666667, 10603.213333333333, 10600.873333333333, 10547.38, 10580.613333333333, 10630.593333333334, 10615.306666666667, 10587.766666666666, 10552.606666666667, 10504.486666666666, 10490.34, 10573.386666666667, 10528.48, 10627.38, 10679.586666666666, 10685.113333333333, 