{"Fitness": 11082, "Name": "berlin52", "Result": [39, 48, 44, 31, 0, 30, 20, 19, 49, 15, 46, 13, 25, 45, 33, 34, 35, 38, 42, 9, 8, 32, 4, 5, 23, 47, 36, 43, 28, 29, 41, 6, 1, 22, 21, 17, 16, 2, 18, 40, 7, 37, 24, 11, 27, 26, 12, 51, 10, 50, 3, 14], "RunTime": "0:00:02.458001", "chance_to_mutate": 0.1, "chance_to_pmx": 0.8, "distances_avg": [29335.46, 28727.9, 28209.093333333334, 27932.98, 27560.853333333333, 27303.066666666666, 26746.04, 26361.1, 26279.826666666668, 26140.673333333332, 25990.833333333332, 25808.97333333333, 25564.233333333334, 25236.846666666668, 24564.966666666667, 24403.826666666668, 24073.906666666666, 23791.26, 23300.586666666666, 23022.673333333332, 22659.12, 22457.106666666667, 22155.213333333333, 21794.98, 21474.22, 28703.986666666668, 27908.593333333334, 27513.31333333333, 27065.373333333333, 26595.02, 26359.093333333334, 25922.626666666667, 25302.4, 24986.793333333335, 24722.933333333334, 24655.2, 24367.086666666666, 24221.966666666667, 24161.02666666667, 23930.306666666667, 23819.233333333334, 23475.633333333335, 23076.5, 22819.986666666668, 22743.826666666668, 22650.18666666667, 22472.02, 22166.926666666666, 21956.066666666666, 21776.266666666666, 21649.02666666667, 21499.64, 21288.146666666667, 20876.833333333332, 20587.373333333333, 20384.786666666667, 20043.426666666666, 19548.693333333333, 19146.353333333333, 18755.26, 18484.986666666668, 18238.546666666665, 17926.8, 17642.81333333333, 17371.106666666667, 17066.3, 16905.1, 16712.593333333334, 16577.573333333334, 16317.033333333333, 16076.726666666667, 15766.1, 15481.353333333333, 15262.733333333334, 15166.02, 14994.473333333333, 14782.386666666667, 14545.78, 14509.993333333334, 14313.306666666667, 14170.333333333334, 14040.1, 13942.66, 13836.38, 13770.713333333333, 13668.826666666666, 13620.226666666667, 13527.653333333334, 13459.626666666667, 13325.58, 13339.98, 13249.42, 13259.24, 13249.246666666666, 13147.8, 13052.933333333332, 13162.826666666666, 13019.94, 12955.673333333334, 12959.993333333334, 12910.44, 12865.433333333332, 12885.693333333333, 27768.413333333334, 26858.88, 26305, 25598.713333333333, 25094.46, 24685.68666666667, 24235.833333333332, 23911.726666666666, 23499.06, 23113.293333333335, 22857.3, 22152, 21799.333333333332, 21486.393333333333, 20977.34, 20447.573333333334, 19993.546666666665, 19616.986666666668, 19193.093333333334, 18563.42, 17834.02666666667, 16909.693333333333, 16179.24, 15656.806666666667, 15259.093333333334, 14816.12, 14558.613333333333, 14357.166666666666, 14251.38, 14299.773333333333, 14150.726666666667, 14203.573333333334, 14040.566666666668, 14011.246666666666, 13985.9, 13941.013333333334, 13998.133333333333, 13931.866666666667, 13858.96, 13852.466666666667, 13769.92, 13598.473333333333, 13587.566666666668, 13470.226666666667, 13533.746666666666, 13411.066666666668, 13412.486666666666, 13398.74, 13402.74, 13352.226666666667, 13295.893333333333, 13277.393333333333, 13257.766666666666, 13108.146666666667, 13100.686666666666, 13002.426666666666, 13022.68, 12931.82, 12862.06, 12977.266666666666, 12979.566666666668, 12909.72, 12807.273333333333, 12786.546666666667, 12776.6, 12763.9, 12801.413333333334, 12731.706666666667, 12703.293333333333, 12699.266666666666, 12735.08, 12676.633333333333, 12754.993333333334, 12795.906666666666, 12863.326666666666, 27593.04, 26915.68, 26646.573333333334, 26301.153333333332, 25819.693333333333, 25368.613333333335, 24857.993333333332, 24557.033333333333, 24358.173333333332, 24049.62, 23722.81333333333, 23457.953333333335, 23070.246666666666, 23015.166666666668, 22545.946666666667, 22483.633333333335, 22289.246666666666, 21872.573333333334, 21643.81333333333, 21216.846666666668, 20926.38, 20668.606666666667, 20292.126666666667, 19969.14, 19746.08, 19384.086666666666, 19195.033333333333, 19043.06, 18676.12, 18575.46, 18017.06, 17767.08, 17550.233333333334, 17259.253333333334, 16888.733333333334, 16524.793333333335, 16165.766666666666, 15990.113333333333, 15737.1, 15480.206666666667, 15346.126666666667, 14996.38, 14841.706666666667, 14636.433333333332, 14579.033333333333, 14412.68, 14379.626666666667, 14363.52, 14365.96, 14206.486666666666, 14097.993333333334, 14004.206666666667, 13883.093333333334, 13760.906666666666, 13665.306666666667, 13573.786666666667, 13558.186666666666, 13461.633333333333, 13392.66, 13371.193333333333, 13338.853333333333, 13288.066666666668, 13195.273333333333, 13140.5, 13127.706666666667, 13216.86, 13040.233333333334, 12995.186666666666, 12940.013333333334, 12884.646666666667, 12714.413333333334, 12584.546666666667, 12529.453333333333, 12512.113333333333, 12433.306666666667, 12406.973333333333, 12435.566666666668, 12484.313333333334, 12475, 12368.62, 12366.68, 12391.44, 12430.28, 12440.54, 12369.533333333333, 12322.273333333333, 12347.32, 12396.44, 12356.26, 12269.06, 12304.486666666666, 12297.18, 12303.6, 12214.453333333333, 12291.76, 12318.653333333334, 12198.9, 12120.02, 12189.686666666666, 12147.44, 12172.186666666666, 12139.786666666667, 12101.46, 12012.246666666666, 12056.653333333334, 12110.326666666666, 12064.12, 12180.28, 12083.453333333333, 12001.846666666666, 11957.686666666666, 12006.12, 11959.106666666667, 11921.553333333333, 11925.386666666667, 12033.253333333334, 11964.626666666667, 11950.386666666667, 11907.313333333334, 11951.893333333333, 12003.893333333333, 11931.2, 11846.353333333333, 11972.386666666667, 11995.74, 11931.26, 11894.293333333333, 11925.573333333334, 11966.64, 11900.506666666666, 11925.946666666667, 11941.646666666667, 11852.113333333333, 11881.58, 11894.666666666666, 11891.68, 11880.286666666667, 11916.313333333334, 11970.5, 11912.64, 11946.94, 11977.733333333334, 11887.833333333334, 11865.68, 11862.446666666667, 11788.346666666666, 11790.893333333333, 11788.64, 11790.293333333333, 11767.333333333334, 11776.74, 11791.44, 11775.653333333334, 11763.146666666667, 11799.2, 11705.733333333334, 11817.366666666667, 11754.8, 11833.4, 11792.266666666666, 11799.753333333334, 11763.733333333334, 11830.666666666666, 11760.166666666666, 11683.373333333333, 11683.4, 11721.786666666667, 11634.326666666666, 11642.973333333333, 11649.393333333333, 11629.806666666667, 11632.66, 11663.546666666667, 11592.646666666667, 11654.72, 11642.44, 11681.533333333333, 11692.926666666666, 11640.66, 11588.846666666666, 11683.173333333334, 11727.893333333333, 11582.566666666668, 11674.18, 11608.866666666667, 11549.646666666667, 11676.226666666667, 11577.173333333334, 11607.153333333334, 11642.026666666667, 11660.213333333333, 11558.72, 11542.053333333333, 11507.66, 11503.44, 11572.986666666666, 11581.093333333334, 11516.266666666666, 11583.466666666667, 11616.4, 11661.366666666667, 11523.04, 11566.706666666667, 11577.24, 11612.726666666667, 11525.106666666667, 11675.14, 11606.166666666666, 11530.866666666667, 11556.44, 11426.88, 11533.273333333333, 11499.28, 11364.986666666666, 11483.633333333333, 11423.273333333333, 11417.046666666667, 11347.78, 11365.64, 11415.933333333332, 11418.486666666666, 11393.906666666666, 11413.906666666666, 11458.46, 11475.946666666667, 11401.946666666667, 11432.786666666667, 11397.426666666666, 11376.06, 11373.606666666667, 11437.22, 11426.38, 11353.353333333333, 11412.986666666666, 11306.733333333334, 11293.046666666667, 11359.76, 11357.606666666667, 11343.233333333334, 11363.48, 11338.766666666666, 11386.666666666666, 11454.24, 11376.5, 11412.593333333334, 11420.573333333334, 11459.626666666667, 11383.553333333333, 11401.6, 11362.293333333333, 11448.673333333334, 11409.093333333334, 11350.1, 11357.753333333334, 11363.12, 11381.873333333333, 11340.646666666667, 11338.493333333334, 11333.093333333334, 11314.746666666666, 11345.626666666667, 11318.186666666666, 11263.673333333334, 11287.72, 11319.433333333332, 11354.753333333334, 11393.24, 11369.753333333334, 11388.946666666667, 11322.64, 11351.926666666666, 11403.386666666667, 11372.953333333333, 11419.213333333333, 11390.6, 11410.173333333334, 11388.626666666667, 11430.546666666667, 11375.26, 