{"Fitness": 10433, "Name": "berlin52", "Result": [49, 19, 22, 48, 31, 37, 23, 36, 38, 39, 33, 34, 35, 15, 28, 25, 26, 12, 27, 24, 45, 0, 21, 2, 16, 17, 44, 18, 40, 7, 8, 9, 32, 42, 30, 20, 41, 6, 1, 29, 46, 13, 51, 10, 50, 11, 3, 5, 14, 4, 47, 43], "RunTime": "0:00:03.095999", "chance_to_mutate": 0.1, "chance_to_pmx": 0.8, "distances_avg": [29267.046666666665, 28651.233333333334, 28257.56, 28101.953333333335, 27933.226666666666, 27499.766666666666, 27021.533333333333, 26809.78, 26862.54, 26639.47333333333, 26768.006666666668, 26492.226666666666, 26270.06, 26297.18, 26060.173333333332, 25887.946666666667, 25581.84, 25441.326666666668, 25207.9, 25129.573333333334, 25111.266666666666, 24761.52666666667, 24364.653333333332, 24283.293333333335, 24060.92, 29300.56, 28621.506666666668, 28047.54, 27621.76, 27275.553333333333, 26573.926666666666, 26293.613333333335, 26114.42, 25756.413333333334, 25476.166666666668, 25222.693333333333, 25051.846666666668, 24951.446666666667, 24470.6, 24448.333333333332, 23813.713333333333, 23629.88, 23289.893333333333, 23100.4, 23021.766666666666, 22651.893333333333, 22611.466666666667, 22396.68, 22178.32, 22000.7, 21731.226666666666, 21813.986666666668, 21638.846666666668, 21529.8, 21081.606666666667, 20954.92, 20613.5, 20428.246666666666, 20205.393333333333, 20037.166666666668, 19815.806666666667, 19526.84, 19340.82, 19093.293333333335, 19029.606666666667, 18870.32, 18630.673333333332, 18583.966666666667, 18376.353333333333, 18296.506666666668, 18264.933333333334, 18118.533333333333, 17860.993333333332, 17681.246666666666, 17390.94, 17100.613333333335, 17004.66, 16835.566666666666, 16772.18666666667, 16545.493333333332, 16290.36, 16126.34, 15967.966666666667, 15968.773333333333, 15720.666666666666, 15519.166666666666, 15358.08, 15212.766666666666, 15038.913333333334, 14879.653333333334, 14728.366666666667, 14705.726666666667, 14674.606666666667, 14488.033333333333, 14442.873333333333, 14420.693333333333, 14294.32, 14299.326666666666, 14209.526666666667, 14178.56, 14158.146666666667, 14071.946666666667, 14013.873333333333, 13923.106666666667, 13877.6, 13917.793333333333, 13781.566666666668, 13633.553333333333, 13556.073333333334, 13479.266666666666, 13456.4, 13371.126666666667, 13343.253333333334, 13309.953333333333, 13309.966666666667, 13222.68, 13291.313333333334, 13162.806666666667, 13172.686666666666, 13147.326666666666, 13206.986666666666, 13163.78, 13104.713333333333, 13067.866666666667, 13149.713333333333, 13125.78, 12973.2, 13035.446666666667, 13009.44, 12967.6, 12875.933333333332, 12876.113333333333, 12850.446666666667, 12739.28, 12619.946666666667, 12557.673333333334, 12364.96, 12239.106666666667, 12253.406666666666, 12199.8, 12074.98, 12095.846666666666, 12115.986666666666, 11940.84, 11911.366666666667, 11850.746666666666, 11861.36, 11670.373333333333, 11666.246666666666, 11570.64, 11499.88, 11533.686666666666, 11480.14, 11482.973333333333, 11570.633333333333, 11491.58, 11419.46, 11532.306666666667, 11473.366666666667, 11547.34, 11533, 11651.86, 11584.073333333334, 11472.353333333333, 11519.24, 11554.006666666666, 11496.88, 11526.186666666666, 11469.32, 11438, 11447.713333333333, 11357.146666666667, 11503.34, 11512.106666666667, 11466.96, 11403.76, 11344.566666666668, 11346.146666666667, 11420.986666666666, 11353.5, 11423.753333333334, 11318.626666666667, 11340.106666666667, 11476.2, 11373.226666666667, 11380.48, 11374, 11397.066666666668, 11376.28, 11330.713333333333, 11364.54, 11295.373333333333, 11352.6, 11398.48, 11381.6, 11364.746666666666, 11356.266666666666, 11347.026666666667, 11266.753333333334, 11341.38, 11322.806666666667, 27397.993333333332, 26905.606666666667, 26405.086666666666, 25782.893333333333, 25302.9, 24708.653333333332, 24379.02666666667, 23980.44, 23734.793333333335, 23419.253333333334, 22812.34, 22347.773333333334, 21915.706666666665, 21580.553333333333, 21154.646666666667, 20703.353333333333, 20389.81333333333, 20133.353333333333, 19952.7, 19754.866666666665, 19621.046666666665, 19382.366666666665, 19073.47333333333, 19015.366666666665, 18802.273333333334, 18720.446666666667, 18411.266666666666, 18177.826666666668, 17887.92, 17601.346666666668, 17473.38, 17034.353333333333, 16733.366666666665, 16388.373333333333, 16287.96, 16064.753333333334, 15792.713333333333, 15517.66, 15356.673333333334, 15270.013333333334, 15017.506666666666, 14853.366666666667, 14847.086666666666, 14740.013333333334, 14591.16, 14553.38, 14423.313333333334, 14304.26, 14166.833333333334, 14132, 14094.38, 13854.833333333334, 13629.066666666668, 13447.48, 13269.74, 13144.906666666666, 12961.026666666667, 12986.706666666667, 12811.68, 12830.54, 12741.266666666666, 12755.206666666667, 12739.273333333333, 12686.873333333333, 12673.006666666666, 12703.6, 12682.486666666666, 12598.566666666668, 12550.72, 12508.733333333334, 12569.393333333333, 12530.466666666667, 12481.406666666666, 12480.88, 12455.053333333333, 12348.6, 12390.853333333333, 12310.933333333332, 12308.653333333334, 12256.513333333334, 12287.38, 12251.82, 12273.9, 12206.066666666668, 12179.033333333333, 12149.54, 12086.226666666667, 12104.18, 12059.733333333334, 11905.966666666667, 11863.013333333334, 11718.486666666666, 11742.173333333334, 11766.993333333334, 11642.86, 11594.48, 11577.626666666667, 11553.246666666666, 11609.893333333333, 11507.46, 11634.56, 11543.853333333333, 11534.84, 11533.62, 11519.873333333333, 11409.593333333334, 11434.233333333334, 11402.273333333333, 11447.746666666666, 11296.68, 11339.653333333334, 11267.733333333334, 11198.62, 11072.48, 11246.4, 11140.4, 11058.04, 11189.16, 11116.62, 11196.28, 11191.513333333334, 11167.606666666667, 11178.766666666666, 11041.7, 11123.62, 11103.06, 11112.76, 11058.98, 10998.006666666666, 11174.166666666666, 11026.32, 11024.94, 11115.246666666666, 11086.493333333334, 11113.9, 11099.48, 11056.86, 11023.126666666667, 11019.62, 11011.146666666667, 11018.366666666667, 10931.806666666667, 11069.713333333333, 11065.6, 11034.56, 11011.5, 11050.34, 11021.213333333333, 11014.84, 10987.506666666666, 11032.393333333333, 11072.3, 11042.94, 11038.866666666667, 11073.986666666666, 11034.433333333332, 11050.273333333333, 10977.893333333333, 11115.7, 10962.313333333334, 10921.406666666666, 10984.4, 10985.38, 10918.926666666666, 10908.52, 10918.78, 10942.533333333333, 10941.926666666666, 10870.833333333334, 10857.173333333334, 10979.186666666666, 10874.586666666666, 11031.486666666666, 10843.066666666668, 10873.206666666667, 10977.42, 10958.133333333333, 10902.9, 10939.606666666667, 10805.4, 10861.8, 10759, 10761.506666666666, 10780.613333333333, 10740.193333333333, 10746.066666666668, 10651.646666666667, 10779.22, 10787.346666666666, 10793.893333333333, 10703.546666666667, 10814.133333333333, 10847.053333333333, 10758.406666666666, 10702.893333333333, 10699.1, 10727.073333333334, 10727.6, 10582.893333333333, 10685.126666666667, 10720.713333333333, 10720.5, 10693.42, 10630.58, 10585.026666666667, 10601.54, 10659.506666666666, 10639.013333333334, 10648.8, 10642.133333333333, 10689.433333333332, 10686.366666666667, 10676.586666666666, 10663.12, 10660.626666666667, 10809.913333333334, 10813.26, 10669.106666666667, 10624.7, 10618.473333333333, 10666.973333333333, 10626.526666666667, 10598.74, 10613.78, 10633.94, 10630.48, 10637.52, 10638.16, 10594.886666666667, 10654.706666666667, 10682.473333333333, 10643.546666666667, 10623.386666666667, 10636.56, 10597.453333333333, 10625.88, 10652.12, 10723.686666666666, 10732.006666666666, 10637.12, 10629.7, 10671.666666666666, 10640.273333333333, 10686.593333333334, 10666.446666666667, 10700.093333333334, 10676.34, 10682.993333333334, 10655.573333333334, 10616.286666666667, 10655.606666666667, 10652.633333333333, 10685.886666666667, 10641.973333333333, 10598.426666666666, 10687.86, 10712.28, 10604.393333333333, 10613.066666666668, 10644.826666666666, 10644.4, 10719.993333333334, 10764.62, 10716.953333333333, 10697.286666666667, 10691.713333333333, 10783.473333333333, 