{"Fitness": 9612, "Name": "berlin52", "Result": [7, 40, 18, 21, 0, 48, 31, 44, 2, 17, 30, 16, 6, 1, 41, 20, 29, 49, 19, 22, 43, 45, 24, 38, 35, 34, 39, 23, 47, 5, 4, 14, 3, 32, 10, 51, 13, 12, 26, 50, 11, 27, 25, 46, 28, 15, 33, 36, 37, 42, 9, 8], "RunTime": "0:00:02.544969", "chance_to_mutate": 0.1, "chance_to_pmx": 0.8, "distances_avg": [29134.8, 28607.486666666668, 28149.426666666666, 28054.373333333333, 27671.18666666667, 27389.746666666666, 27326.513333333332, 27306.513333333332, 26836.466666666667, 26482.006666666668, 26416.353333333333, 26396.426666666666, 25984.513333333332, 25786.68666666667, 25489.073333333334, 25161.426666666666, 24810.086666666666, 24625.546666666665, 24175.546666666665, 23804.066666666666, 23572.22, 23493.98, 23285.16, 23073.986666666668, 22605.173333333332, 22375.893333333333, 28874.733333333334, 28201.26, 27631.64, 27273.52, 26919.98, 26695.886666666665, 26313.68666666667, 26187.586666666666, 25882.553333333333, 25657.08, 25431.993333333332, 25274.613333333335, 24886.72, 24643.846666666668, 24487.82, 24445.306666666667, 24339.426666666666, 24411.97333333333, 24142.66, 23950.97333333333, 23695.52666666667, 23398.38, 23087.84, 22720.073333333334, 22558.646666666667, 22537.113333333335, 22315.573333333334, 22105.213333333333, 21944.113333333335, 21413.626666666667, 21218.786666666667, 21110.173333333332, 20843.453333333335, 20881.366666666665, 20660.52, 20227.666666666668, 20011.573333333334, 19832.846666666668, 19477.306666666667, 19377.32, 18972.12, 18918.306666666667, 18779.746666666666, 18470.646666666667, 18267.226666666666, 18140.82, 17794.88, 17723.773333333334, 17429.52666666667, 17086.16, 16895.76, 16595.47333333333, 16334.66, 16254.073333333334, 16018.64, 15983.533333333333, 15817.14, 15561.573333333334, 15359.22, 15228, 15064.486666666666, 14907.2, 14727.866666666667, 14606.22, 14493.046666666667, 14411.846666666666, 14322.406666666666, 14199.193333333333, 14098.573333333334, 13976.46, 13887.2, 13828.146666666667, 13783.413333333334, 13721.193333333333, 13707.793333333333, 13581.066666666668, 13552.006666666666, 13494.44, 13483.78, 13474.553333333333, 13496.54, 13401.073333333334, 13432.086666666666, 13326.513333333334, 13343.813333333334, 13340.6, 13372.22, 13332.06, 13427.76, 13352.613333333333, 13283.186666666666, 13278.053333333333, 13257.42, 13160.366666666667, 13250.906666666666, 13201.873333333333, 13208.213333333333, 13251.353333333333, 13224.773333333333, 13186.426666666666, 13167.193333333333, 13165.866666666667, 13282.433333333332, 13166.633333333333, 13187.333333333334, 13163.993333333334, 13128.946666666667, 13202.533333333333, 13197.173333333334, 13144.14, 13230.546666666667, 13148.873333333333, 27407.653333333332, 26532.333333333332, 25759.506666666668, 25547.56, 24899.646666666667, 24190.4, 23754.46, 23232.693333333333, 22693.166666666668, 22363.773333333334, 22063.273333333334, 21823.08, 21568.513333333332, 21159.84, 20619.7, 20312.553333333333, 19739.7, 19473.06, 19052.986666666668, 18895.126666666667, 18655.766666666666, 18482.293333333335, 18442.486666666668, 17991.31333333333, 17845.413333333334, 17332.866666666665, 17342.886666666665, 17162.246666666666, 16840.28, 16283.206666666667, 16159.453333333333, 15774.94, 15519.226666666667, 15362.053333333333, 15076.126666666667, 14863.54, 14618.72, 14552.586666666666, 14475.193333333333, 14375.553333333333, 14182.686666666666, 14258.713333333333, 14206.72, 14153.486666666666, 14149.773333333333, 14035.513333333334, 13941.933333333332, 13932.386666666667, 13902.046666666667, 13838.093333333334, 13673.8, 13607.48, 13560.593333333334, 13605.48, 13497.086666666666, 13341.14, 13316.586666666666, 13168.72, 12995.173333333334, 12971.38, 12746.74, 12586.693333333333, 12517.56, 12376.706666666667, 12328.266666666666, 12246, 12066, 11858.26, 11702.193333333333, 11708.886666666667, 11599.266666666666, 11593.46, 11566.733333333334, 11524.22, 11506.226666666667, 11436.153333333334, 11503.94, 11389.306666666667, 11323.153333333334, 11329.64, 11332.826666666666, 11366.366666666667, 11377.726666666667, 11209.053333333333, 11224.573333333334, 11175.446666666667, 11118.226666666667, 11116.706666666667, 11084.406666666666, 11060.826666666666, 11058.853333333333, 11011.533333333333, 10930.086666666666, 10892.386666666667, 10885.266666666666, 10784.886666666667, 10796.826666666666, 10642, 10718.853333333333, 10721.5, 10756.586666666666, 10658.28, 10696.42, 10689.006666666666, 10603.36, 10697.453333333333, 10636.46, 10613.726666666667, 10648.293333333333, 10638.753333333334, 10638.4, 10702.713333333333, 10595.606666666667, 10586.58, 10607.74, 10521.166666666666, 10667.173333333334, 10598.393333333333, 10576.126666666667, 10583.64, 10610.493333333334, 10598.926666666666, 10632.113333333333, 10580.526666666667, 10643.853333333333, 10594.686666666666, 10537.073333333334, 10484.566666666668, 10446.346666666666, 10460.853333333333, 10450.94, 10526.113333333333, 10479.44, 10461.24, 10500.293333333333, 10541.306666666667, 10512.353333333333, 10513.786666666667, 10564.793333333333, 10481.566666666668, 10577.793333333333, 10523.973333333333, 10568.733333333334, 10505.053333333333, 10586.766666666666, 10556.88, 10506.54, 10419.186666666666, 10502.026666666667, 10503.026666666667, 10550.046666666667, 10525.38, 10474.06, 10395.833333333334, 10494.473333333333, 10493.486666666666, 10432.7, 10438.706666666667, 10400.526666666667, 10363.02, 10406.993333333334, 10365.473333333333, 10295.926666666666, 10365.693333333333, 10330.82, 10206.726666666667, 10289.58, 10195.96, 10207.38, 10337.446666666667, 10257.106666666667, 10273.333333333334, 10343.82, 10280.12, 10230.806666666667, 10226.92, 10254.98, 10248.28, 10232.806666666667, 10285.58, 10236.14, 10288.773333333333, 10300.48, 10214.866666666667, 10255.286666666667, 10354.98, 10283.766666666666, 10254.4, 10154.893333333333, 10238.22, 10215.146666666667, 10137.566666666668, 10208.36, 10276.973333333333, 10192.92, 10248.58, 10194.72, 10205.033333333333, 10215.6, 10256.666666666666, 10121.746666666666, 10146.466666666667, 10088.233333333334, 10176.726666666667, 10136.84, 10120.28, 10126.246666666666, 10103.053333333333, 10092.113333333333, 10156.06, 10086.606666666667, 10153.366666666667, 10117.186666666666, 10039.22, 10006.98, 10080.2, 10072.526666666667, 10055.18, 10023.72, 10139.46, 10066.233333333334, 10003.706666666667, 10065.473333333333, 10106.58, 10033.46, 10041.386666666667, 10027.733333333334, 9988.42, 10068.646666666667, 10109.646666666667, 10059.393333333333, 10006.58, 9975.633333333333, 10083.846666666666, 10027.653333333334, 10052.02, 10108.346666666666, 10125.033333333333, 10093.78, 10066, 10012.593333333334, 9976.793333333333, 10059.106666666667, 10054.32, 10050.52, 10019.253333333334, 9989.866666666667, 10091.886666666667, 10123.393333333333, 10087.726666666667, 10093.953333333333, 9999.066666666668, 9995.953333333333, 9984.34, 10011.14, 9993.973333333333, 10084.773333333333, 10048.046666666667, 9987.593333333334, 10051.933333333332, 10000.173333333334, 10054.033333333333, 10085.346666666666, 10039.773333333333, 10011.026666666667, 10065.046666666667, 10073.993333333334, 10031.066666666668, 10031.5, 10078.54, 10071.213333333333, 10074.946666666667, 10018.993333333334, 9997.64, 10083.34, 10060.273333333333, 10010.873333333333, 10055.413333333334, 10087.3, 10040.153333333334, 9969.433333333332, 10011.84, 10061.406666666666, 10048.926666666666, 9994.966666666667, 9990.033333333333, 9986.64, 9950.62, 9976.953333333333, 9985.966666666667, 10095.053333333333, 10072.246666666666, 9991.08, 10052.806666666667, 10077.32, 10080.646666666667, 10010.173333333334, 9952.1, 9981.466666666667, 9979.06, 10091.273333333333, 10066.926666666666, 9952.953333333333, 10030.413333333334, 10039.166666666666, 10056.873333333333, 10018.613333333333, 10096.153333333334, 10148.96, 10098.08, 10122.04, 10120.04, 10123.813333333334, 10125.52, 9990.853333333333, 10029.266666666666, 10011.693333333333, 10105.493333333334, 10068.793333333333, 