{"Fitness": 11472, "Name": "berlin52", "Result": [36, 23, 14, 44, 40, 8, 9, 42, 3, 11, 27, 26, 10, 50, 32, 7, 18, 2, 17, 47, 12, 51, 13, 46, 25, 45, 43, 34, 21, 0, 31, 48, 35, 38, 39, 37, 4, 5, 24, 29, 41, 6, 1, 28, 15, 19, 49, 22, 20, 16, 30, 33], "RunTime": "0:00:02.490210", "chance_to_mutate": 0.1, "chance_to_pmx": 0.8, "distances_avg": [29300.106666666667, 28678.773333333334, 28358.893333333333, 28055.486666666668, 27501.3, 27311.16, 27021.173333333332, 26978.433333333334, 26791.953333333335, 26720.66, 26411.28, 26639.353333333333, 26404.52, 26261.946666666667, 26237.433333333334, 25915.213333333333, 25805.64, 25488.353333333333, 25292.68, 25255.833333333332, 25124.7, 24360.12, 23812.04, 23572.76, 23392.666666666668, 28930.04, 27818.626666666667, 27127.306666666667, 26670.493333333332, 26107.666666666668, 25931.38, 25509.193333333333, 24880.22, 24243.733333333334, 23780.5, 23045.7, 22314.18, 22073.52, 21409.033333333333, 21103.68666666667, 20966.786666666667, 20833.946666666667, 20522.453333333335, 20445.826666666668, 20086.713333333333, 19931.826666666668, 19839.9, 19515.113333333335, 19330.38, 19107.466666666667, 18831.926666666666, 18585.18666666667, 18381.92, 18186.486666666668, 18093.5, 17918.373333333333, 17631.846666666668, 17462.633333333335, 17311.1, 17270.053333333333, 17167.513333333332, 17019.833333333332, 16904.253333333334, 16822.68, 16695.193333333333, 16645.013333333332, 16479.386666666665, 16342.326666666666, 16240.813333333334, 16187.446666666667, 16109.88, 15941.6, 15814.426666666666, 15760.726666666667, 15591.62, 15531.973333333333, 15600.333333333334, 15486.153333333334, 15398.486666666666, 15348.14, 15249.766666666666, 15232.1, 15188.16, 15140.22, 15026.206666666667, 14915.406666666666, 14806.473333333333, 14734.473333333333, 14737.726666666667, 14686.193333333333, 14647.393333333333, 14559.106666666667, 14516.173333333334, 14472.046666666667, 14322.573333333334, 14382.593333333334, 14297.18, 14260.78, 14299.2, 14194.64, 14183.36, 14149.086666666666, 14156.046666666667, 14036.54, 14005.94, 13961.58, 13990.966666666667, 14003.08, 13906.1, 13920.966666666667, 13941.74, 13842.14, 13835.9, 13906.06, 13847.2, 13847.82, 13821.426666666666, 13775.666666666666, 13684.82, 13602.793333333333, 13664.06, 13619.786666666667, 13597.98, 13519.326666666666, 13540.626666666667, 13549.22, 13433.393333333333, 13495.46, 13372.7, 13382.28, 13325.406666666666, 13331.473333333333, 13302.64, 13325.8, 13246.813333333334, 13215.186666666666, 13230.353333333333, 13225.366666666667, 13182, 13147.873333333333, 13131.786666666667, 13020.773333333333, 12997.24, 13006.113333333333, 13095.906666666666, 13062.58, 12987.686666666666, 27565.086666666666, 26892.52666666667, 26484.806666666667, 26145.413333333334, 25672.386666666665, 25395.7, 25428.84, 24934.36, 24747.386666666665, 24614.613333333335, 24248.926666666666, 23861.893333333333, 23551.553333333333, 23090.333333333332, 22531.253333333334, 22270.146666666667, 22022.46, 21799.793333333335, 21445.986666666668, 21328.786666666667, 21115.153333333332, 21002.326666666668, 20533.26, 20451.626666666667, 20581.9, 20405.16, 20305.393333333333, 20269.466666666667, 20215.993333333332, 19870.913333333334, 19678.566666666666, 19474.546666666665, 19292.746666666666, 18969.193333333333, 18941.233333333334, 18686.826666666668, 18632.913333333334, 18527.413333333334, 18169.9, 18034.02, 17781.713333333333, 17516.453333333335, 17296.84, 17114.24, 16919.113333333335, 16840.153333333332, 16679.81333333333, 16502.94, 16301.146666666667, 16162.473333333333, 16005.073333333334, 15841.253333333334, 15842.806666666667, 15576.813333333334, 15440.746666666666, 15430.846666666666, 15291.486666666666, 15282.5, 15084.293333333333, 15003.78, 14922.386666666667, 14894.1, 14792.84, 14745.726666666667, 14764.76, 14667.913333333334, 14631.413333333334, 14529.466666666667, 14534.306666666667, 14532.573333333334, 14378.653333333334, 14263.953333333333, 14086.02, 13969.193333333333, 13895.806666666667, 13842.8, 13804.74, 13716.806666666667, 13748.873333333333, 13617.22, 13534.166666666666, 13579.733333333334, 13483.813333333334, 13458.32, 13457.186666666666, 13417.82, 13341.686666666666, 13389.906666666666, 13309.16, 13411.086666666666, 13420.066666666668, 13383.34, 13384.033333333333, 13388.82, 13339.493333333334, 13362.546666666667, 13365.12, 13330.36, 13338.686666666666, 13297.12, 13332.3, 13279.666666666666, 13290.753333333334, 13336.92, 13384.593333333334, 13298.4, 13249.186666666666, 13227.826666666666, 13217.44, 13225.153333333334, 13230.933333333332, 13195.506666666666, 13128.546666666667, 13133.513333333334, 13164.966666666667, 13041.82, 13056.533333333333, 13004.14, 13036.046666666667, 12870.646666666667, 12928.326666666666, 12954.38, 12843.846666666666, 12809.193333333333, 12734.253333333334, 12618.953333333333, 12662.986666666666, 12643.44, 12669.333333333334, 12700.9, 12607.38, 12576.786666666667, 12703.126666666667, 12621.033333333333, 12681.926666666666, 12534.34, 12647.56, 12591.193333333333, 12677.12, 12601.273333333333, 12485.726666666667, 12486.953333333333, 12447.56, 12502.713333333333, 12463.373333333333, 12485.453333333333, 12365.3, 12359.94, 12326.62, 12290.44, 12332.3, 12283.913333333334, 12314.853333333333, 12385.953333333333, 12403.466666666667, 12272.693333333333, 12311.246666666666, 12263.273333333333, 12247.173333333334, 12285.166666666666, 12165.093333333334, 12234.36, 12157.773333333333, 12216.24, 12254.653333333334, 12178.666666666666, 12186.606666666667, 12213.953333333333, 12200.7, 12230.98, 12124.426666666666, 12214.366666666667, 12157.533333333333, 12174.386666666667, 12137.42, 12167.746666666666, 12096.1, 12154.393333333333, 12133.906666666666, 12144.306666666667, 12070.586666666666, 12200.12, 12114.48, 12056.98, 12053.373333333333, 12079.02, 12119, 12136.206666666667, 12118.213333333333, 12106.96, 12169.646666666667, 12151.066666666668, 12104.593333333334, 12095.28, 12058.866666666667, 12035.206666666667, 11996.546666666667, 12085.64, 12076.78, 12061.853333333333, 11978.973333333333, 11993.326666666666, 12058.666666666666, 12086.586666666666, 12087.046666666667, 12057.96, 12002.053333333333, 11934.2, 11996.88, 12031.126666666667, 11985.66, 11894.033333333333, 11901.86, 11914.506666666666, 11919.986666666666, 11887.446666666667, 11889.073333333334, 11918.593333333334, 11912.786666666667, 11902.38, 11894.873333333333, 11935.2, 11940.733333333334, 11788.173333333334, 11800.88, 11881.26, 11791.686666666666, 11828.193333333333, 11815.22, 11892.62, 11832.32, 11766.373333333333, 11770.16, 11778.26, 11860.286666666667, 11778.713333333333, 11742.16, 11844.986666666666, 11766.42, 11813.12, 11844.4, 11837.046666666667, 11890.9, 11906.286666666667, 11800.92, 11828.553333333333, 11802.086666666666, 11758.82, 11844.746666666666, 11771.726666666667, 11716.826666666666, 11744.54, 11781.213333333333, 11768.64, 11785.82, 11719.533333333333, 11743.96, 11860.986666666666, 11854.613333333333, 11859.586666666666, 11798.04, 11745.06, 11751.686666666666, 11718.786666666667, 11738.88, 11761.62, 11788.646666666667, 11691.48, 11738.666666666666, 11755.553333333333, 11738.973333333333, 11726.126666666667, 11731.186666666666, 11667.673333333334, 11708.38, 11636.98, 11646.313333333334, 11646.46, 11695.946666666667, 11675.013333333334, 11647.166666666666, 11688.006666666666, 11689.286666666667, 11691.32, 11698.233333333334, 11740.326666666666, 11752.426666666666, 11717.3, 11720.6, 11724.726666666667, 11733.426666666666, 11712.033333333333, 11709.746666666666, 11711.133333333333, 11732.346666666666, 11688.213333333333, 11697.28, 11698.56, 11743.493333333334, 11694.74, 11714.2, 11726.14, 11676.886666666667, 11734.393333333333, 11698.506666666666, 11773.28, 11705.48, 11673.2, 11668.84, 11693.713333333333, 11681.04, 11727.44, 11706.786666666667, 11733.6, 11732.46, 11675.253333333334, 11666.873333333333, 11764.086666666666, 11762.86, 11776.826666666666, 11756.213333333333, 11800.786666666667, 11853.04, 11778.293333333333, 