{"Fitness": 71, "Name": "ulysses16", "Result": [3, 1, 2, 0, 15, 12, 11, 5, 6, 9, 8, 10, 4, 14, 13, 7], "RunTime": "0:00:01.575002", "chance_to_mutate": 0.1, "chance_to_pmx": 0.8, "distances_avg": [136.54, 131.68666666666667, 131.49333333333334, 126.96, 123.87333333333333, 123.38666666666667, 120.27333333333333, 122.04, 119.48666666666666, 116.75333333333333, 115.06666666666666, 112.9, 113.78, 113.2, 113.27333333333333, 110.98, 110.45333333333333, 111.34, 110.48666666666666, 108.25333333333333, 107.48666666666666, 107.44666666666667, 105.84666666666666, 103.50666666666666, 103.25333333333333, 101.95333333333333, 101.16666666666667, 98.96666666666667, 100.72, 99.92666666666666, 98.52666666666667, 94.96, 130.77333333333334, 122.78666666666666, 117, 111.95333333333333, 108.84, 105.94, 104.45333333333333, 103.52666666666667, 102.05333333333333, 101.97333333333333, 99.18, 98.77333333333333, 97.54666666666667, 95.93333333333334, 93.12666666666667, 90.38666666666667, 88.5, 87.38666666666667, 85.3, 84.76, 82.74666666666667, 81.89333333333333, 80.61333333333333, 79.84, 79.26666666666667, 78.68666666666667, 78.58666666666667, 77.77333333333333, 77.52666666666667, 77.08666666666667, 127.5, 120.38, 114.37333333333333, 111.35333333333334, 108.76666666666667, 105.94666666666667, 100.11333333333333, 96.54666666666667, 93.5, 89.50666666666666, 86.47333333333333, 84.54, 81.84, 79.65333333333334, 78.40666666666667, 77.64666666666666, 77.74, 75.76, 74.86, 74.82666666666667, 74.81333333333333, 74.64666666666666, 74.54, 74.83333333333333, 75.06666666666666, 75.27333333333333, 126.37333333333333, 119.48666666666666, 111.94, 103.1, 97.14666666666666, 93.28, 88.80666666666667, 86.33333333333333, 85.94666666666667, 85.08, 83.87333333333333, 81.42666666666666, 79.26, 78.10666666666667, 77.21333333333334, 76.14666666666666, 75.80666666666667, 75.01333333333334, 75.19333333333333, 74.88666666666667, 75.54666666666667, 74.67333333333333, 72.87333333333333, 74.14666666666666, 73.41333333333333, 73.00666666666666, 126.69333333333333, 118.18666666666667, 111.94, 104.52666666666667, 100.13333333333334, 95.25333333333333, 91.62, 89.58, 85.82666666666667, 83.5, 83.24666666666667, 80.44666666666667, 78.18, 76.88, 75.68, 75.22, 75.53333333333333, 74.28666666666666, 74.55333333333333, 74.43333333333334, 73.49333333333334, 73.88, 74.31333333333333, 74.34666666666666, 73.94666666666667, 73.08, 124.32666666666667, 118.76, 111.63333333333334, 105.21333333333334, 99.9, 94.17333333333333, 91.38666666666667, 88.53333333333333, 84.38666666666667, 80.17333333333333, 78.7, 75.99333333333334, 74.56666666666666, 74.2, 74.13333333333334, 73.56, 72.64666666666666, 71.93333333333334, 72.91333333333333, 72.34, 72.12, 72.52, 72.46, 73.50666666666666, 72.88666666666667, 72.7, 127.46666666666667, 119.69333333333333, 111.82666666666667, 105.70666666666666, 101.32, 96.66666666666667, 91.48666666666666, 88.04, 84.4, 81.30666666666667, 78.87333333333333, 76.36, 75.76, 74.74, 73.84666666666666, 72.79333333333334, 72.73333333333333, 72.15333333333334, 72.77333333333333, 73.03333333333333, 73.24, 72.92, 73.04, 72.47333333333333, 72.58, 72.85333333333334, 125.82666666666667, 118.44666666666667, 111.22666666666667, 109.02666666666667, 105.46, 102.32, 99.9, 98.84, 94.95333333333333, 92.57333333333334, 88.32666666666667, 85.34, 83.13333333333334, 80.63333333333334, 78.37333333333333, 76.56666666666666, 75.22666666666667, 73.63333333333334, 73.92, 72.62666666666667, 73.14666666666666, 72.12666666666667, 74.07333333333334, 72.85333333333334, 73.12666666666667, 73.04, 73.39333333333333, 73.35333333333334, 73.13333333333334, 124.56, 115.65333333333334, 106.57333333333334, 99.54, 92.63333333333334, 87.94, 83.86666666666666, 81.68666666666667, 78.98, 76.34666666666666, 74.67333333333333, 74.66, 73.40666666666667, 73.07333333333334, 74.13333333333334, 73.4, 73.74, 73.10666666666667, 72.05333333333333, 72.38666666666667, 72.70666666666666, 71.65333333333334, 73.78666666666666, 73.10666666666667, 72.64, 72.76666666666667, 71.89333333333333, 126.66, 119.00666666666666, 112.66, 112.48666666666666, 107.98, 104.54666666666667, 101.22666666666667, 97.60666666666667, 94.51333333333334, 91.96, 90.7, 87.47333333333333, 86.24, 84.76666666666667, 83.43333333333334, 80.6, 77.83333333333333, 76.86666666666666, 76.28, 75.88666666666667, 75.46, 75.68666666666667, 75.71333333333334, 75.79333333333334, 75.90666666666667, 74.45333333333333, 74.73333333333333, 74.51333333333334, 73.88666666666667, 74.1, 73.89333333333333, 73.82666666666667, 74.71333333333334, 74.14666666666666, 74.42, 74.13333333333334, 75.46666666666667, 74.01333333333334, 73.32, 72.33333333333333, 72.78666666666666, 72.60666666666667, 72.10666666666667, 73.05333333333333, 72.98, 72.7, 72.14, 72.59333333333333, 72.16666666666667, 72.53333333333333, 72.47333333333333, 72.21333333333334, 72.41333333333333, 72.17333333333333, 72.54, 73.15333333333334, 73.20666666666666, 72.99333333333334, 72.9, 72.93333333333334, 73.22, 73.34, 73.86, 73.86, 72.74666666666667, 72.37333333333333, 73.16, 73.29333333333334, 72.36666666666666, 72.38666666666667, 73.02666666666667, 73.33333333333333, 73.46, 73.99333333333334, 73.44, 73.74, 74.78666666666666, 73.83333333333333, 74.00666666666666, 72.95333333333333, 73.14666666666666, 72.98666666666666, 72.24666666666667, 72.22, 73.28666666666666, 74.83333333333333, 73.72, 74.16666666666667, 72.64666666666666, 72.24, 72.92, 73.04666666666667, 73.41333333333333, 73.28666666666666, 72.6, 72.44, 72.54666666666667, 73.67333333333333, 73.00666666666666, 72.58, 73.26666666666667, 73, 73.13333333333334, 72.98, 72.78, 72.64666666666666, 74.36666666666666, 74.16, 73.04, 73.48, 73.40666666666667, 73.00666666666666, 73.32666666666667, 72.94666666666667, 72.93333333333334, 72.58, 72.95333333333333, 74.15333333333334, 73.41333333333333, 72.72, 73.26666666666667, 73.31333333333333, 72.38, 72.29333333333334, 72.44666666666667, 73.60666666666667, 72.86, 73.26, 73.02, 74.7, 73.69333333333333, 74.37333333333333, 73.65333333333334, 73.58, 74.16666666666667, 73.72, 72.68666666666667, 72.71333333333334, 73.01333333333334, 73.54, 73.96, 72.86666666666666, 72.48666666666666, 72.91333333333333, 74.2, 72.96666666666667, 72.44666666666667, 72.99333333333334, 72.27333333333333, 72.72666666666667, 72.98666666666666, 72.30666666666667, 72.28, 72.76, 72.7, 72.52666666666667, 72.25333333333333, 72.34, 72.76666666666667, 72.65333333333334, 72.17333333333333, 71.63333333333334, 71.86666666666666, 72.24666666666667, 71.86, 73.04666666666667, 73.74666666666667, 74.05333333333333, 73.62, 73.98666666666666, 73.38, 72.44666666666667, 72.94666666666667, 73.06, 73.28666666666666, 73.28666666666666, 73.49333333333334, 73.05333333333333, 73.06, 73.26, 72.87333333333333, 72.4, 72.48, 72.61333333333333, 72.24666666666667, 72.66666666666667, 73.08, 73.64666666666666, 72.57333333333334, 72.57333333333334, 73.52666666666667, 73.46666666666667, 72.92666666666666, 73.75333333333333, 73.79333333333334, 73.48, 73.03333333333333, 74.52666666666667, 73.51333333333334, 73.74, 73.39333333333333, 73.74, 73.60666666666667, 73.41333333333333, 72.37333333333333, 72.32666666666667, 71.84666666666666, 71.91333333333333, 72.78, 72.73333333333333, 71.86666666666666, 71.96, 71.66, 71.66666666666667, 72.47333333333333, 72.81333333333333, 73.02666666666667, 73.9, 74.04666666666667, 73.96666666666667, 72.39333333333333, 71.84666666666666, 71.69333333333333, 73.38666666666667, 73.14666666666666, 73.65333333333334, 73.36, 72.6, 72.88666666666667, 74.16, 72.43333333333334, 73.52, 73.19333333333333, 72.89333333333333, 72.85333333333334, 73.52666666666667, 74.4, 73.54666666666667, 73.37333333333333, 74.4, 73.19333333333333, 73.05333333333333, 73.45333333333333, 73.73333333333333, 72.57333333333334, 72.69333333333333, 72.87333333333333, 73.39333333333333, 73.49333333333334, 72.69333333333333, 72.77333333333333, 73.75333333333333],